<?xml version="1.0" encoding="UTF-8"?>
<beans xmlns="http://www.springframework.org/schema/beans"
       xmlns:xsi="http://www.w3.org/2001/XMLSchema-instance" xmlns:context="http://www.springframework.org/schema/context"
       xmlns:mongo="http://www.springframework.org/schema/data/mongo"
       xsi:schemaLocation="
    http://www.springframework.org/schema/beans http://www.springframework.org/schema/beans/spring-beans.xsd
    http://www.springframework.org/schema/context http://www.springframework.org/schema/context/spring-context.xsd
    http://www.springframework.org/schema/data/mongo http://www.springframework.org/schema/data/mongo/spring-mongo.xsd">

    <mongo:db-factory id="mongoDbFactory" client-uri="mongodb://192.168.211.133:37017/lg_resume"></mongo:db-factory>
    <bean id="mongoTemplate"  class="org.springframework.data.mongodb.core.MongoTemplate">
        <constructor-arg index="0" ref="mongoDbFactory"></constructor-arg>
    </bean>
    <context:component-scan base-package="com.lagou"></context:component-scan>
</beans>